Persee Medica,Press Release Link
Perseus Proteomics Inc.,https://finance.yahoo.com/quote/4882.T/press-releases/
Persica Pharmaceuticals Ltd,https://persicapharmaceuticals.com/persica-news/
"PersImmune, Inc",https://persimmune.com/news-and-publications/press-release-persimmune-pactn-trial-uci-07-25-2019/
"Personalized Stem Cells, Inc.",https://personalizedstemcells.com/category/press-release/
"PersonGen BioTherapeutics (Suzhou) Co., Ltd.",https://www.persongen.com/index.php/news.html?page=1
Perspectum,https://perspectum.com/news
"Pervasis Therapeutics, Inc",https://www.immunomix.com/media/press-releases/
Peschke GmbH,https://www.hegewald-peschke.com/news-and-press/latest-news-1/
"Peschke Meditrade, GmbH",https://www.digitaljournal.com/pr/news/keratoconus-market-to-witness-growth-during-the-study-period-2019-32-key-companies-avedro-sooft-italia-lightmed-optimed-peschke-meditrade-gmbh
Peter Delaney,https://ogeenergy.gcs-web.com/news-releases/news-release-details/peter-b-delaney-named-chairman-and-ceo-oge-energy-corp
Peter Ferdinandy,http://hungarianbiotech.org/wp-content/uploads/2022/12/Pharmahungary-Group_press-release_HighlyCited_BJP-Editor_final_30Nov2022-sent.pdf
Petra Larmo,https://littlerocksoiree.com/enews/no-thanks?return=//tornunavi.gq/e4txysun567littlerocksoireecommini
Petra Pharma,https://www.preipopharma.com/news-archive/petra-pharma
Petteri Hirvonen,https://www.buildingbetterhealthcare.com/news/article_page/Klinik_announces_GP_Petteri_Hirvonen_as_its_new_leader/166385
Pevion Biotech Ltd,https://www.fiercebiotech.com/biotech/press-release-pevion-biotech-closes-series-a-financing
"Pfenex, Inc",https://investor.ligand.com/press-releases/detail/428/ligand-completes-acquisition-of-pfenex-inc
Pfizer's Upjohn has merged with Mylan to form Viatris Inc.,https://www.pfizer.com/news/press-release/press-release-detail/pfizer-completes-transaction-combine-its-upjohn-business
pfm medical ag,https://www.pfmmedical.com/press/press_releases/index.html
Pfm Medical Mepro Gmbh,https://www.pfmmedical.com/company/news/index.html
"PFM Medical, Inc",https://www.pfmmedical.com/press/press_releases/index.html
pfm S.R.L.,https://www.pfmmedical.com/press/press_releases/index.html
"Pfrimmer Nutricia GmbH, Erlangen , Germany",https://www.nutricia.com/latest-news.html
pH Pharma,https://ph-pharma.com/media/
PH&T S.p.A.,https://www.friulchem.com/en/press-releases/
Phafag AG,https://www.marketwatch.com/press-release/tinnitus-drug-market-with-strong-focus-on-industry-size-by-business-highlights-market-segments-growth-rate-revenue-and-forecast-to-2027-2022-11-18
"Phage Pharmaceuticals, Inc.",https://aphage.com/category/press/
Phagelux Inc.,https://www.newswire.ca/news-releases/phagelux-inc-announces-collaboration-with-johnson--johnson-innovation-for-new-antibacterial-solution-619241714.html
Phagenesis Ltd.,https://www.phagenesis.com/news/
Pharbil Waltrop GmbH,https://pharmamar.com/en/company/newsroom/
Pharco Pharmaceuticals,https://dndi.org/press-releases/2016/dndi-pharco-hepc-malaysia-thailand/
Phargentis SA,https://news.cision.com/phargentis-sa
Pharm-Olam International,https://www.olamgroup.com/news/all-news/press-release.html
"Pharm-Olam, LLC",https://www.allucent.com/company/news
Pharma 2100,https://ir.amphastar.com/websites/amphastar/English/2100/press-release.html
Pharma Consulting Group AB,https://www.pharmaventures.com/category/press-releases/page/2/
Pharma Holdings AS,https://www.sumitomo-pharma.com/news/press_release/
"Pharma Medica Research, Inc.",https://www.pharmamedica.com/corporate/news/
Pharma Nord,https://www.prnewswire.com/news-releases/mallinckrodt-recognized-as-industry-innovator-at-national-organization-for-rare-disorders-nord-2023-rare-impact-awards-301816829.html
Pharma Plant,https://www.pharmavoice.com/press-release/
"Pharma Power Biotec Co., Ltd.",https://investors.biontech.de/news-releases/news-release-details/biontech-recognizes-employees-and-partners-their-support
Pharma Two B Ltd.,https://pharma2b.com/category/press-release
Pharmabest Sp. z o.o.,https://www.pharmavoice.com/press-release/
PharmaBio Corporation,https://www.pharmabio.co.jp/en/news.html
PharmaBio Development Inc.,http://www.hlbscience.com/eng/news_view.php?srcType=&srcText=&idx=12&bbs_page=3
Pharmabiotix Inc,https://www.biomicamed.com/press-releases/
"Pharmaceutical Factory of Chengdu HuaSun Group Inc., Ltd.",https://finance.yahoo.com/quote/000790.SZ/press-releases/
Pharmaceutical Productions Inc.,https://www.worldpharmatoday.com/press-releases/
"Pharmaceutical Project Solutions, Inc.",https://www.novasep.com/company/media-events/press-release/page/2.html
Pharmaceutical Research Management srl,https://www2.deloitte.com/ch/en/pages/press-releases/articles/deloitte-pharma-study-drop-off-in-returns-on-r-and-d-investments-sharp-decline-in-peak-sales-per-asset.html
Pharmacia,https://www.pharmacytimes.com/press-releases
Pharmacia and Upjohn,https://www.pfizer.com/news/press-release/press-release-detail/pfizer-completes-transaction-combine-its-upjohn-business
Pharmacosmos A/S,https://www.pharmacosmos.com/news-media/news
PharmaCotherapia d.o.o.,https://ir.biohaven.com/press-releases
Pharmactive Biotech Products S.L.U,https://www.prnewswire.com/news-releases/pharmactive-unveils-high-potency-kiwi-extract-for-boosting-protein-digestion-301723174.html
Pharmactive Ilac Sanayi ve Tic A.S.,https://pharmactive.com.tr/en/press-releases
Pharmacyclics LLC.,https://investors.abbvie.com/news-releases/news-release-details/abbvie-completes-acquisition-pharmacyclics
Pharmacyclics Switzerland GmbH,https://www.prnewswire.com/news-releases/abbvie-to-acquire-pharmacyclics-including-its-blockbuster-product-imbruvica-creating-an-industry-leading-hematological-oncology-franchise-300045951.html
PharmaDax Inc.,https://www.prnewswire.com/news-releases/pharmadax-receives-fda-approval-for-a-generic-version-of-seroquel-xr-300457977.html
PharmaEngine,https://finance.yahoo.com/quote/4162.TWO/press-releases/
Pharmaero ApS,https://www.xellia.com/-/media/files/xelliapharmaceuticalscorporatereport2014.ashx?la=en&hash=7EA5994E3A598F3F250880F9D5C3B228
PharmaEssentia,https://hq.pharmaessentia.com/en/press_releases
PharmaEssentia Japan K.K.,https://jp.pharmaessentia.com/press-release/
Pharmagest Interactive,https://www.globenewswire.com/en/news-release/2022/07/28/2488171/0/en/Equasens-Group-ex-Pharmagest-Interactive-Complition-of-three-majority-acquisitions.html
Pharmahungary Group,https://www.pharmahungary.com/news/
PharmaIN,https://www.fip.org/press-releases
"PharmaJet, Inc.",https://pharmajet.com/news/
"PharmAkea, Inc.",https://www.globenewswire.com/en/news-release/2020/01/07/1966932/0/en/Galecto-and-PharmAkea-Merge-to-Create-Strong-Clinical-Stage-Company-Developing-First-in-Class-Therapeutics-in-Fibrosis-and-Cancer.html
PharmaKinetics Laboratories Inc.,https://www.baltimoresun.com/news/bs-xpm-1990-12-17-1990351014-story.html
PharmaKing,https://www.pharming.com/news
PharmaLinea Ltd.,https://www.nutraceuticalbusinessreview.com/news/article_page/PharmaLinea_announces_prebiotic_range_in_2022_product_update/200293
Pharmalogica,https://ir.vectivbio.com/news-media/press-releases
PharmaLundensis AB,https://pharmalundensis.se/news/decision-on-rights-issue-of-units-consisting-of-shares-and-warrants/?lang=en
Pharmalyte Solutions LLC,https://www.globenewswire.com/en/search/organization/PharmaLinx%2520LLC
PharmaMar,https://pharmamar.com/en/company/newsroom/
Pharmamel S.L.,https://www.prnewswire.com/news-releases/extremely-robust-covid-19-clinical-trial-pipeline-with-420-key-companies-expected-to-change-the-pace-of-the-covid-19-treatment-301671341.html
PharmaNet,https://www.marketscreener.com/quote/stock/PHARMANET-GROUP-LIMITED-10353097/news-communiques/
PharmaNeuroBoost N.V.,https://www.prnewswire.com/news-releases/psychiatric-disorders---pipeline-review-h1-2013-205367061.html
Pharmanex,https://www.nuskin.com/content/corpcom/en_US/newsroom/press_releases1.html
PharmaPart,https://www.propharmagroup.com/press/tag/company-news
PharmaResearch,https://finance.yahoo.com/quote/214450.KQ/press-releases/
Pharmarte srl,https://pharmamar.com/en/company/newsroom/
Pharmasaga Co. Ltd.,https://www.prnewswire.com/news-releases/good-news-from-taiwan-participants-in-bio-2022---pharmasaga-and-precisemab-make-it-to-the-start-up-stadium-finalists-defeating-hundred-teams-301566333.html
Pharmascience Inc.,https://www.pharmascience.com/en/news-media/
Pharmasoft,https://www.forpressrelease.com/forpressrelease/586183/13/corporateserve-launches-pharmasoft-20-to-strengthen-its-commitment-towards-pharma
Pharmasset,https://www.gilead.com/news-and-press/press-room/press-releases/2011/11/gilead-sciences-to-acquire-pharmasset-inc-for-11-billion
Pharmassist Ltd,https://www.pharmassist-cro.com/news/press-release
PharmaSurgics AB,https://www.prnewswire.com/news-releases/pharmasurgics-to-extend-phase-ii-clinical-trial-for-prevention-of-post-surgical-adhesions-90602804.html
Pharmasyntez,https://pharmasyntez.com/en/press-center/news/
Pharmatech,https://pharmatechassociates.com/press/
Pharmatech Oncology,https://pharmatech.com/press-release/pharmatech-transmed-systems-announce-strategic-alliance/
Pharmathen S.A.,https://www.pharmathen.com/press-release-pharmathen
PharmAthene UK Limited,https://www.pharmathen.com/press-release-pharmathen
PharmaTher Inc.,https://www.pharmather.com/news
PharmatrophiX Inc.,https://www.prnewswire.com/news-releases/dr-frank-longo-wins-alzheimers-drug-discovery-foundations-inaugural-melvin-r-goodes-prize-for-researchers-working-in-alzheimers-drug-discovery-300144241.html
PharmAust Ltd,https://www.pharmaust.com/news-announcements/
Pharmavite LLC,https://www.pharmavite.com/perspectives/news/
Pharmaxi LLC,https://www.allucent.com/company/news
Pharmaxis,https://www.pharmaxis.com.au/investor-centre/news/
Pharmayeda,https://pharmcadd.com/news/press-release/
"Pharmazz, Inc.",https://www.pharmazz.com/press-releases.php
"Pharmbio Korea Co., Ltd.",https://www.pharmbio.co.kr:48074/v4_new/en/press/press01.php
Pharmena North America,https://www.marketscreener.com/quote/stock/PHARMENA-S-A-14993003/news-communiques/
PHARMENTERPRISES LLC,https://www.businesswire.com/news/home/20180327005820/de/
PharmEvo Pvt Ltd,https://pharmevo.biz/our-media/
Pharmexa A/S,https://www.globenewswire.com/news-release/2009/04/24/5203/0/en/Pharmexa-A-S-sells-Pharmexa-Epimmune-to-the-Korean-company-VaxOnco-Inc.html
"Pharmicell Co., Ltd.",https://finance.yahoo.com/quote/005690.KS/press-releases?p=005690.KS&ncid=yahooproperties_peoplealso_km0o32z3jzm
Pharming Technologies B.V.,https://www.pharming.com/news
Pharmiva AB,https://finance.yahoo.com/quote/PHARM.ST/press-releases?p=PHARM.ST
Pharmos,https://www.fiercebiotech.com/biotech/press-release-pharmos-corporation-reports-mixed-mid-stage-trial-results-for-pain-reliever
Pharmosa Biopharm Inc.,https://www.pharmosa.com.tw/news
"PharmPak, LLC",https://www.pharmavoice.com/press-release/
Pharmstandard,https://aveooncology.gcs-web.com/news-releases/news-release-details/aveo-oncology-announces-exclusive-licensing-agreement
Pharmtechnology LLC,https://www.aprecia.com/about/news
PharmTest s.r.o.,No press release link found
Pharos Life Corporation,https://www.pharos.energy/investors/press-releases/2023-agm-trading-and-operations-update/
"PharPoint Research, Inc.",https://pharpoint.com/resources/category/press-release/
Pharvaris Netherlands B.V.,https://ir.pharvaris.com/news-events/news-releases
"Phase One Solutions, Inc.",https://geospatial.phaseone.com/press-releases/
PHCC LP,https://www.phcc.gov.ph/press-releases/
Phenex Pharmaceuticals AG,https://www.gilead.com/news-and-press/press-room/press-releases/2015/1/gilead-sciences-announces-acquisition-of-phenex-pharmaceuticals-development-program-for-nonalcoholic-steatohepatitis-nash-and-other-liver-diseases
Phenomix,https://www.phenomixsciences.com/about/press
"PhenoSolve, LLC",https://simulconsult.com/news/
Phenox GmbH,https://www.prnewswire.com/news-releases/wallaby-acquires-german-neurovascular-leader-phenox-to-accelerate-global-expansion-301529703.html
phenox Inc.,https://www.prnewswire.com/news-releases/wallaby-acquires-german-neurovascular-leader-phenox-to-accelerate-global-expansion-301529703.html
Pherecydes Pharma,https://www.pherecydes-pharma.com/en/press-releases/
"Pherin Pharmaceuticals, Inc.",https://www.businesswire.com/news/home/20221221005171/en/Vistagen-to-Acquire-Pherin-Pharmaceuticals
Philip Morris Products S.A.,https://www.pmi.com/investor-relations/press-releases-and-events
"Philip Morris USA, Inc.",https://www.pmi.com/investor-relations/press-releases-and-events
"Philips (China) Investment CO., LTD",https://en.prnasia.com/mediaroom/4550-0.shtml
Philips Clinical & Medical Affairs Global,https://www.philips.com/a-w/about/news/all-press-releases.html
Philips Consumer Lifestyle,https://www.philips.com/a-w/about/news/all-press-releases.html
Philips Digital Mammography Sweden AB,https://www.globenewswire.com/news-release/2015/12/15/795421/0/en/NOTE-awarded-prestigious-assignment-from-Philips-Healthcare.html
Philips Electronics Nederland B.V. acting through Philips CTO organization,https://www.philips.com/a-w/about/news/all-press-releases.html
Philips Electronics Nederland BV,https://www.philips.com/a-w/about/news/all-news
Philips France Commercial,https://www.lighting.philips.com/main/products/horticulture/press-releases/First-commercial-LED-interlighting-projects-in-France
Philips Healthcare,https://www.philips.com/a-w/about/news/all-press-releases.html
Philips Medical Systems,https://www.philips.com/a-w/about/news/all-press-releases.html
Philips Oral Healthcare,https://www.philips.com/a-w/about/news/all-press-releases.html
Philips Portuguesa S.A.,https://www.philips.com/a-w/about/news/archive/corpcomms/news/press/2023/philips-first-quarter-results-2023.html
Philips Respironics,https://www.philips.com/a-w/about/news/all-press-releases.html
Philogen S.p.A.,https://www.philogen.com/press-releases-events/
Philozon Geradores de Ozonio LTDA,No press release link found
PhinC Development,https://www.phinc-development.com/en/news/phinc-modeling-is-launched/
Phloronol Inc.,https://www.crunchbase.com/organization/phloronol/signals_and_news
Phoenicis Therapeutics,https://www.ptmthera.com/news-and-announcements
"Phoenix Biotechnology, Inc",https://www.globenewswire.com/news-release/2022/10/31/2544539/0/en/Intrinsic-Medicine-and-Phoenix-Biotech-Acquisition-Corp-Announce-Merger-Agreement-to-Create-Public-Company-Leveraging-Human-Milk-Biology-to-Treat-Gut-Brain-Axis-Disorders.html
"Phoenix Cardiac Devices, Inc.",https://www.prnewswire.com/news-releases/phoenix-cardiac-receives-ce-mark-for-its-innovative-bace-device-to-treat-functional-mitral-regurgitation-301276299.html
Phoenix Clinical Inc.,https://www.prnewswire.com/news-releases/numinus-expands-research-capabilities-with-new-phoenix-clinical-research-site-301749661.html
Phoenix Eagle Company,https://www.prnewswire.com/news-releases/rising-phoenix-royalties-announces-eagle-ford-basin-oil-and-natural-gas-royalty-acquisition-301460037.html
"Phoenix International Life Sciences, Inc.",https://www.globenewswire.com/en/search/organization/Phoenix%2520Life%2520Sciences%2520International%2520Limited
