company_name,press_site_url
"Kringle Pharma, Inc.",
Kristopher Washington,
KRKA,
Ksana Health,
KT Corporation,
KT&G Corporation,
Kubota Vision Inc.,
KuDOS Pharmaceuticals Limited,
"Kuhnil Pharmaceutical Co., Ltd.",
"Kunming Baker Norton Pharmaceutical Sales Co., Ltd.",
"Kunming Pharmaceuticals, Inc.",
"KunWha Pharmaceutical Co., Ltd.",
Kureha Corporation,
"Kures, Inc.",
Kurobe LLC,
Kuros BioSciences B.V.,
Kuros Biosurgery AG,
"Kwang Dong Pharmaceutical co., ltd.",
Kyberg Vital GmbH,
Kyma Medical Technologies,
Kymab Limited,
"Kyorin Pharmaceutical Co.,Ltd",
"Kyowa Hakko Bio Co., Ltd.",
"Kyowa Hakko Kirin China Pharmaceutical Co., LTD.",
"Kyowa Hakko Kirin Pharma, Inc.",
"Kyowa Hakko Kirin UK, Ltd.",
"Kyowa Hakko Kogyo Co., Ltd.",
"Kyowa Kirin Co., Ltd.",
"Kyowa Kirin Korea Co., Ltd.",
Kyowa Kirin Pharmaceutical Development Ltd,
"Kyowa Kirin, Inc.",
Kythera Biopharmaceuticals,
"L & L biopharma Co., Ltd., Shanghai China",
L-Nutra Inc,
L.Molteni & C. dei F.lli Alitti-Soc. di Esercizio S.p.A.,
L'Oreal,
L&C Bio,
"LAAx, Inc.",
"Labcoat, Ltd.",
Labcorp Drug Development Inc,
Labo'Life,
Labopharm Inc.,
Laboratoire Boreaderme Inc.,
Laboratoire Ceraver-Osteal,
Laboratoire Chauvin,
Laboratoire de la Mer,
Laboratoire Dermatologique ACM,
Laboratoire français de Fractionnement et de Biotechnologies,
Laboratoire Innotech International,
Laboratoires Arkopharma,
Laboratoires Bailleul-Biorga,
Laboratoires Besins International,
Laboratoires Bodycad Inc.,
Laboratoires Bouchara-Recordati,
Laboratoires Expanscience S.A.,
Laboratoires FILLMED,
Laboratoires Genévrier,
Laboratoires Gilbert,
Laboratoires Innothera,
Laboratoires IPRAD,
Laboratoires Iprad-Vegebom,
Laboratoires Leurquin Mediolanum,
Laboratoires Mayoly Spindler,
Laboratoires NEGMA,
Laboratoires Nutrition et Cardiometabolisme,
Laboratoires Pharmaceutiques Trenker,
Laboratoires Pronutri,
Laboratoires SMB S.A.,
Laboratoires Takeda,
Laboratoires Techni Pharma,
Laboratoires Teriak,
Laboratoires Thea,
Laboratoires URGO,
Laboratoires Vivacy,
Laboratori di Informatica Applicata,
"Laboratories Leon Farma, S.A.",
"Laboratorio Avi-Mex, S.A. de C.V.",
Laboratório Catarinense SA,
Laboratorio Elea Phoenix S.A.,
Laboratorio Farmaceutico Ct S.r.l.,
Laboratorio Industrial de Herbodietetica Aplicada S.L,
Laboratorio Pablo Cassara S.R.L.,
Laboratorio Pablo Cassará S.R.L.,
Laboratório Químico Farmacêutico Bergamo Ltda.,
Laboratorio Saude Ltda.,
Laboratório Teuto Brasileiro S/A,
Laboratorios Andromaco S.A.,
Laboratórios Baldacci S.A,
Laboratorios Casen-Fleet S.L.U.,
Laboratorios Goulart S.A.,
"Laboratorios Grossman, S.A.",
"Laboratorios Hipra, S.A.",
Laboratorios Laproff S.A.,
"Laboratorios Leti, S.L.",
Laboratorios Liconsa,
Laboratorios Liomont,
2023. 4. 24,
Laboratorios Ordesa,
Laboratorios Osorio de Moraes Ltda.,
Laboratorios Poen,
Laboratorios Richmond S.A.C.I.F.,