"Navigen, Inc.",Press Release Link
"Navire Pharma Inc., a BridgeBio company",https://investor.bridgebio.com/news-releases/news-release-details/bridgebio-pharma-and-affiliate-navire-pharma-announce-dosing
Naviscan PET Systems,https://www.prnewswire.com/news-releases/naviscan-positron-emission-mammography-technology-highlighted-at-the-society-of-nuclear-medicine-annual-meeting-96644729.html
Navitas Life Sciences GmbH,https://www.prnewswire.com/news-releases/navitas-life-sciences-announces-acquisition-of-dataceutics-inc-to-augment-global-clinical-data-science-services-300795025.html
Navitas Pharma,https://www.prnewswire.com/news-releases/navitas-life-sciences-announces-acquisition-of-kai-research-us-based-full-service-contract-research-organisation-cro-300854086.html
"Navotek Medical, Ltd.",https://www.globaldata.com/media/press-release/
NBCD A/S,https://eupraxiapharma.com/news/news-details/2021/Eupraxia-Pharmaceuticals-Enters-Collaborative-Partnership-with-NBCD-for-Lead-Osteoarthritis-OA-Product-Candidate/default.aspx
NBE-Therapeutics AG,https://www.nbe-therapeutics.com/newsroom/news-press-releases/2021
"NBTY, Inc.",https://www.prnewswire.com/news-releases/nbty-inc-becomes-the-natures-bounty-co-reflecting-its-commitment-to-global-wellness-300361781.html
NC Medial Research Inc,https://nccare360.org/category/press-release/
nCap Medical,https://www.euroncap.com/en/press-media/press-releases/
"NCGS, Inc.",https://www.clinicaltrialsarena.com/news/novotech-acquires-cro-ncgs/
nContact Surgical Inc.,https://www.prnewswire.com/news-releases/ncontact-surgical-inc-raises-16-million-in-equity-financing-107028788.html
ndd Medizintechnik AG,https://nddmed.com/tags/press-releases
"NDI Medical, LLC",https://ndimedical.com/news/
"NDO Surgical, Inc.",https://www.prnewswire.com/news-releases/johnson--johnson-announces-formation-of-verb-surgical-inc-in-collaboration-with-verily-300191210.html
Nearmedic Plus LLC,https://sistema.com/press/pressreleases/announcement-on-the-acquisition-of-nearmedic-group
NEC Corporation,https://www.nec.com/en/press/index.html
NEC OncoImmunity AS,https://www.nec.com/en/press/201907/global_20190729_01.html
"Nectero Medical, Inc.",https://www.businesswire.com/news/home/20210910005027/en/Nectero-Medical-Completes-19.5-Million-Series-C-Financing
Nectin Therapeutics Ltd,https://www.prnewswire.com/news-releases/nectin-therapeutics-announces-extended-series-a-financing-to-over-25m-and-initiation-of-patient-dosing-in-phase-1-clinical-trial-of-ntx1088-first-in-class-anti-pvr-targeted-immunotherapy-for-treatment-of-patients-with-advanced-s-301690195.html
